"forbrukergruppe";"år";"Forbruk i alt"
"KRAFTINTENSIV INDUSTRI";"1993";35066
"KRAFTINTENSIV INDUSTRI";"1994";35062
"KRAFTINTENSIV INDUSTRI";"1995";35780
"KRAFTINTENSIV INDUSTRI";"1996";34701
"KRAFTINTENSIV INDUSTRI";"1997";36544
"KRAFTINTENSIV INDUSTRI";"1998";38956
"KRAFTINTENSIV INDUSTRI";"1999";39758
"KRAFTINTENSIV INDUSTRI";"2000";41038
"KRAFTINTENSIV INDUSTRI";"2001";39382
"KRAFTINTENSIV INDUSTRI";"2002";37378
"KRAFTINTENSIV INDUSTRI";"2003";38000
"KRAFTINTENSIV INDUSTRI";"2004";41334
"KRAFTINTENSIV INDUSTRI";"2005";41691
"KRAFTINTENSIV INDUSTRI";"2006";39157
"KRAFTINTENSIV INDUSTRI";"2007";39388
"KRAFTINTENSIV INDUSTRI";"2008";40672
"KRAFTINTENSIV INDUSTRI";"2009";32780
"KRAFTINTENSIV INDUSTRI";"2010";34927
"KRAFTINTENSIV INDUSTRI";"2011";35102
"KRAFTINTENSIV INDUSTRI";"2012";34546
"KRAFTINTENSIV INDUSTRI";"2013";34758
"KRAFTINTENSIV INDUSTRI";"2014";35362
"KRAFTINTENSIV INDUSTRI";"2015";36058
"KRAFTINTENSIV INDUSTRI";"2016";36752
"KRAFTINTENSIV INDUSTRI";"2017";36950
"KRAFTINTENSIV INDUSTRI";"2018";37739
"KRAFTINTENSIV INDUSTRI";"2019";37259
"KRAFTINTENSIV INDUSTRI";"2020";37907
"KRAFTINTENSIV INDUSTRI";"2021";39568
"KRAFTINTENSIV INDUSTRI";"2022";38651
"KRAFTINTENSIV INDUSTRI";"2023";35884
"Produksjon av papirmasse, papir og papp";"1993";7103
"Produksjon av papirmasse, papir og papp";"1994";6417
"Produksjon av papirmasse, papir og papp";"1995";6791
"Produksjon av papirmasse, papir og papp";"1996";5952
"Produksjon av papirmasse, papir og papp";"1997";6290
"Produksjon av papirmasse, papir og papp";"1998";6895
"Produksjon av papirmasse, papir og papp";"1999";6973
"Produksjon av papirmasse, papir og papp";"2000";8035
"Produksjon av papirmasse, papir og papp";"2001";6622
"Produksjon av papirmasse, papir og papp";"2002";6751
"Produksjon av papirmasse, papir og papp";"2003";6132
"Produksjon av papirmasse, papir og papp";"2004";6192
"Produksjon av papirmasse, papir og papp";"2005";6185
"Produksjon av papirmasse, papir og papp";"2006";5297
"Produksjon av papirmasse, papir og papp";"2007";5570
"Produksjon av papirmasse, papir og papp";"2008";5327
"Produksjon av papirmasse, papir og papp";"2009";4196
"Produksjon av papirmasse, papir og papp";"2010";4687
"Produksjon av papirmasse, papir og papp";"2011";4153
"Produksjon av papirmasse, papir og papp";"2012";3841
"Produksjon av papirmasse, papir og papp";"2013";3433
"Produksjon av papirmasse, papir og papp";"2014";3295
"Produksjon av papirmasse, papir og papp";"2015";3268
"Produksjon av papirmasse, papir og papp";"2016";3569
"Produksjon av papirmasse, papir og papp";"2017";3761
"Produksjon av papirmasse, papir og papp";"2018";3567
"Produksjon av papirmasse, papir og papp";"2019";3465
"Produksjon av papirmasse, papir og papp";"2020";3359
"Produksjon av papirmasse, papir og papp";"2021";3395
"Produksjon av papirmasse, papir og papp";"2022";3378
"Produksjon av papirmasse, papir og papp";"2023";2932
"Kjemiske råvarer";"1993";3774
"Kjemiske råvarer";"1994";5565
"Kjemiske råvarer";"1995";5896
"Kjemiske råvarer";"1996";5791
"Kjemiske råvarer";"1997";5841
"Kjemiske råvarer";"1998";5983
"Kjemiske råvarer";"1999";6488
"Kjemiske råvarer";"2000";6496
"Kjemiske råvarer";"2001";6876
"Kjemiske råvarer";"2002";6147
"Kjemiske råvarer";"2003";5929
"Kjemiske råvarer";"2004";6490
"Kjemiske råvarer";"2005";6783
"Kjemiske råvarer";"2006";6158
"Kjemiske råvarer";"2007";6808
"Kjemiske råvarer";"2008";6874
"Kjemiske råvarer";"2009";5737
"Kjemiske råvarer";"2010";7195
"Kjemiske råvarer";"2011";7303
"Kjemiske råvarer";"2012";6745
"Kjemiske råvarer";"2013";7052
"Kjemiske råvarer";"2014";7291
"Kjemiske råvarer";"2015";7392
"Kjemiske råvarer";"2016";7300
"Kjemiske råvarer";"2017";7073
"Kjemiske råvarer";"2018";7198
"Kjemiske råvarer";"2019";6880
"Kjemiske råvarer";"2020";7659
"Kjemiske råvarer";"2021";7817
"Kjemiske råvarer";"2022";7247
"Kjemiske råvarer";"2023";6785
"Jern, stål og ferrolegeringer";"1993";7679
"Jern, stål og ferrolegeringer";"1994";6815
"Jern, stål og ferrolegeringer";"1995";6860
"Jern, stål og ferrolegeringer";"1996";6656
"Jern, stål og ferrolegeringer";"1997";6630
"Jern, stål og ferrolegeringer";"1998";7539
"Jern, stål og ferrolegeringer";"1999";7586
"Jern, stål og ferrolegeringer";"2000";7656
"Jern, stål og ferrolegeringer";"2001";6950
"Jern, stål og ferrolegeringer";"2002";6183
"Jern, stål og ferrolegeringer";"2003";5714
"Jern, stål og ferrolegeringer";"2004";6669
"Jern, stål og ferrolegeringer";"2005";5422
"Jern, stål og ferrolegeringer";"2006";4673
"Jern, stål og ferrolegeringer";"2007";4773
"Jern, stål og ferrolegeringer";"2008";5301
"Jern, stål og ferrolegeringer";"2009";3763
"Jern, stål og ferrolegeringer";"2010";4506
"Jern, stål og ferrolegeringer";"2011";4821
"Jern, stål og ferrolegeringer";"2012";4901
"Jern, stål og ferrolegeringer";"2013";4985
"Jern, stål og ferrolegeringer";"2014";5135
"Jern, stål og ferrolegeringer";"2015";4978
"Jern, stål og ferrolegeringer";"2016";5083
"Jern, stål og ferrolegeringer";"2017";5322
"Jern, stål og ferrolegeringer";"2018";5296
"Jern, stål og ferrolegeringer";"2019";4996
"Jern, stål og ferrolegeringer";"2020";4973
"Jern, stål og ferrolegeringer";"2021";5110
"Jern, stål og ferrolegeringer";"2022";5062
"Jern, stål og ferrolegeringer";"2023";4713
"Ikke-jernholdige metall";"1993";16510
"Ikke-jernholdige metall";"1994";16266
"Ikke-jernholdige metall";"1995";16233
"Ikke-jernholdige metall";"1996";16302
"Ikke-jernholdige metall";"1997";17783
"Ikke-jernholdige metall";"1998";18539
"Ikke-jernholdige metall";"1999";18711
"Ikke-jernholdige metall";"2000";18851
"Ikke-jernholdige metall";"2001";18934
"Ikke-jernholdige metall";"2002";18297
"Ikke-jernholdige metall";"2003";20225
"Ikke-jernholdige metall";"2004";21984
"Ikke-jernholdige metall";"2005";23301
"Ikke-jernholdige metall";"2006";23029
"Ikke-jernholdige metall";"2007";22237
"Ikke-jernholdige metall";"2008";23170
"Ikke-jernholdige metall";"2009";19084
"Ikke-jernholdige metall";"2010";18539
"Ikke-jernholdige metall";"2011";18825
"Ikke-jernholdige metall";"2012";19059
"Ikke-jernholdige metall";"2013";19288
"Ikke-jernholdige metall";"2014";19641
"Ikke-jernholdige metall";"2015";20419
"Ikke-jernholdige metall";"2016";20800
"Ikke-jernholdige metall";"2017";20795
"Ikke-jernholdige metall";"2018";21677
"Ikke-jernholdige metall";"2019";21918
"Ikke-jernholdige metall";"2020";21917
"Ikke-jernholdige metall";"2021";23246
"Ikke-jernholdige metall";"2022";22964
"Ikke-jernholdige metall";"2023";21453
"BERGVERKSDRIFT OG UTVINNING";"1993";..
"BERGVERKSDRIFT OG UTVINNING";"1994";..
"BERGVERKSDRIFT OG UTVINNING";"1995";..
"BERGVERKSDRIFT OG UTVINNING";"1996";..
"BERGVERKSDRIFT OG UTVINNING";"1997";..
"BERGVERKSDRIFT OG UTVINNING";"1998";..
"BERGVERKSDRIFT OG UTVINNING";"1999";..
"BERGVERKSDRIFT OG UTVINNING";"2000";..
"BERGVERKSDRIFT OG UTVINNING";"2001";..
"BERGVERKSDRIFT OG UTVINNING";"2002";..
"BERGVERKSDRIFT OG UTVINNING";"2003";..
"BERGVERKSDRIFT OG UTVINNING";"2004";..
"BERGVERKSDRIFT OG UTVINNING";"2005";..
"BERGVERKSDRIFT OG UTVINNING";"2006";..
"BERGVERKSDRIFT OG UTVINNING";"2007";..
"BERGVERKSDRIFT OG UTVINNING";"2008";2461
"BERGVERKSDRIFT OG UTVINNING";"2009";5129
"BERGVERKSDRIFT OG UTVINNING";"2010";6130
"BERGVERKSDRIFT OG UTVINNING";"2011";6138
"BERGVERKSDRIFT OG UTVINNING";"2012";6957
"BERGVERKSDRIFT OG UTVINNING";"2013";6940
"BERGVERKSDRIFT OG UTVINNING";"2014";7196
"BERGVERKSDRIFT OG UTVINNING";"2015";7606
"BERGVERKSDRIFT OG UTVINNING";"2016";7671
"BERGVERKSDRIFT OG UTVINNING";"2017";8282
"BERGVERKSDRIFT OG UTVINNING";"2018";9185
"BERGVERKSDRIFT OG UTVINNING";"2019";8814
"BERGVERKSDRIFT OG UTVINNING";"2020";9199
"BERGVERKSDRIFT OG UTVINNING";"2021";8567
"BERGVERKSDRIFT OG UTVINNING";"2022";9527
"BERGVERKSDRIFT OG UTVINNING";"2023";10779
"Bergverksdrift";"1993";..
"Bergverksdrift";"1994";..
"Bergverksdrift";"1995";..
"Bergverksdrift";"1996";..
"Bergverksdrift";"1997";..
"Bergverksdrift";"1998";..
"Bergverksdrift";"1999";..
"Bergverksdrift";"2000";..
"Bergverksdrift";"2001";..
"Bergverksdrift";"2002";..
"Bergverksdrift";"2003";..
"Bergverksdrift";"2004";..
"Bergverksdrift";"2005";..
"Bergverksdrift";"2006";..
"Bergverksdrift";"2007";..
"Bergverksdrift";"2008";336
"Bergverksdrift";"2009";349
"Bergverksdrift";"2010";468
"Bergverksdrift";"2011";491
"Bergverksdrift";"2012";505
"Bergverksdrift";"2013";540
"Bergverksdrift";"2014";568
"Bergverksdrift";"2015";517
"Bergverksdrift";"2016";392
"Bergverksdrift";"2017";372
"Bergverksdrift";"2018";354
"Bergverksdrift";"2019";412
"Bergverksdrift";"2020";446
"Bergverksdrift";"2021";456
"Bergverksdrift";"2022";439
"Bergverksdrift";"2023";429
"Utvinning av råolje og naturgass samt tjenester tilknyttet denne virksomheten";"1993";..
"Utvinning av råolje og naturgass samt tjenester tilknyttet denne virksomheten";"1994";..
"Utvinning av råolje og naturgass samt tjenester tilknyttet denne virksomheten";"1995";..
"Utvinning av råolje og naturgass samt tjenester tilknyttet denne virksomheten";"1996";..
"Utvinning av råolje og naturgass samt tjenester tilknyttet denne virksomheten";"1997";..
"Utvinning av råolje og naturgass samt tjenester tilknyttet denne virksomheten";"1998";..
"Utvinning av råolje og naturgass samt tjenester tilknyttet denne virksomheten";"1999";..
"Utvinning av råolje og naturgass samt tjenester tilknyttet denne virksomheten";"2000";..
"Utvinning av råolje og naturgass samt tjenester tilknyttet denne virksomheten";"2001";..
"Utvinning av råolje og naturgass samt tjenester tilknyttet denne virksomheten";"2002";..
"Utvinning av råolje og naturgass samt tjenester tilknyttet denne virksomheten";"2003";..
"Utvinning av råolje og naturgass samt tjenester tilknyttet denne virksomheten";"2004";..
"Utvinning av råolje og naturgass samt tjenester tilknyttet denne virksomheten";"2005";..
"Utvinning av råolje og naturgass samt tjenester tilknyttet denne virksomheten";"2006";..
"Utvinning av råolje og naturgass samt tjenester tilknyttet denne virksomheten";"2007";..
"Utvinning av råolje og naturgass samt tjenester tilknyttet denne virksomheten";"2008";2125
"Utvinning av råolje og naturgass samt tjenester tilknyttet denne virksomheten";"2009";4780
"Utvinning av råolje og naturgass samt tjenester tilknyttet denne virksomheten";"2010";5662
"Utvinning av råolje og naturgass samt tjenester tilknyttet denne virksomheten";"2011";5648
"Utvinning av råolje og naturgass samt tjenester tilknyttet denne virksomheten";"2012";6452
"Utvinning av råolje og naturgass samt tjenester tilknyttet denne virksomheten";"2013";6400
"Utvinning av råolje og naturgass samt tjenester tilknyttet denne virksomheten";"2014";6628
"Utvinning av råolje og naturgass samt tjenester tilknyttet denne virksomheten";"2015";7089
"Utvinning av råolje og naturgass samt tjenester tilknyttet denne virksomheten";"2016";7279
"Utvinning av råolje og naturgass samt tjenester tilknyttet denne virksomheten";"2017";7910
"Utvinning av råolje og naturgass samt tjenester tilknyttet denne virksomheten";"2018";8831
"Utvinning av råolje og naturgass samt tjenester tilknyttet denne virksomheten";"2019";8402
"Utvinning av råolje og naturgass samt tjenester tilknyttet denne virksomheten";"2020";8753
"Utvinning av råolje og naturgass samt tjenester tilknyttet denne virksomheten";"2021";8111
"Utvinning av råolje og naturgass samt tjenester tilknyttet denne virksomheten";"2022";9089
"Utvinning av råolje og naturgass samt tjenester tilknyttet denne virksomheten";"2023";10350
"BERGVERKSDRIFT, UTVINNING OG INDUSTRI UTANOM KRAFTINTENSIV INDUSTRI";"1993";10158
"BERGVERKSDRIFT, UTVINNING OG INDUSTRI UTANOM KRAFTINTENSIV INDUSTRI";"1994";9465
"BERGVERKSDRIFT, UTVINNING OG INDUSTRI UTANOM KRAFTINTENSIV INDUSTRI";"1995";10097
"BERGVERKSDRIFT, UTVINNING OG INDUSTRI UTANOM KRAFTINTENSIV INDUSTRI";"1996";10136
"BERGVERKSDRIFT, UTVINNING OG INDUSTRI UTANOM KRAFTINTENSIV INDUSTRI";"1997";9320
"BERGVERKSDRIFT, UTVINNING OG INDUSTRI UTANOM KRAFTINTENSIV INDUSTRI";"1998";9944
"BERGVERKSDRIFT, UTVINNING OG INDUSTRI UTANOM KRAFTINTENSIV INDUSTRI";"1999";9424
"BERGVERKSDRIFT, UTVINNING OG INDUSTRI UTANOM KRAFTINTENSIV INDUSTRI";"2000";9535
"BERGVERKSDRIFT, UTVINNING OG INDUSTRI UTANOM KRAFTINTENSIV INDUSTRI";"2001";9628
"BERGVERKSDRIFT, UTVINNING OG INDUSTRI UTANOM KRAFTINTENSIV INDUSTRI";"2002";9899
"BERGVERKSDRIFT, UTVINNING OG INDUSTRI UTANOM KRAFTINTENSIV INDUSTRI";"2003";9351
"BERGVERKSDRIFT, UTVINNING OG INDUSTRI UTANOM KRAFTINTENSIV INDUSTRI";"2004";11111
"BERGVERKSDRIFT, UTVINNING OG INDUSTRI UTANOM KRAFTINTENSIV INDUSTRI";"2005";10295
"BERGVERKSDRIFT, UTVINNING OG INDUSTRI UTANOM KRAFTINTENSIV INDUSTRI";"2006";10224
"BERGVERKSDRIFT, UTVINNING OG INDUSTRI UTANOM KRAFTINTENSIV INDUSTRI";"2007";11161
"BERGVERKSDRIFT, UTVINNING OG INDUSTRI UTANOM KRAFTINTENSIV INDUSTRI";"2008";11300
"BERGVERKSDRIFT, UTVINNING OG INDUSTRI UTANOM KRAFTINTENSIV INDUSTRI";"2009";13202
"BERGVERKSDRIFT, UTVINNING OG INDUSTRI UTANOM KRAFTINTENSIV INDUSTRI";"2010";14267
"BERGVERKSDRIFT, UTVINNING OG INDUSTRI UTANOM KRAFTINTENSIV INDUSTRI";"2011";14328
"BERGVERKSDRIFT, UTVINNING OG INDUSTRI UTANOM KRAFTINTENSIV INDUSTRI";"2012";15128
"BERGVERKSDRIFT, UTVINNING OG INDUSTRI UTANOM KRAFTINTENSIV INDUSTRI";"2013";14947
"BERGVERKSDRIFT, UTVINNING OG INDUSTRI UTANOM KRAFTINTENSIV INDUSTRI";"2014";14957
"BERGVERKSDRIFT, UTVINNING OG INDUSTRI UTANOM KRAFTINTENSIV INDUSTRI";"2015";15309
"BERGVERKSDRIFT, UTVINNING OG INDUSTRI UTANOM KRAFTINTENSIV INDUSTRI";"2016";15549
"BERGVERKSDRIFT, UTVINNING OG INDUSTRI UTANOM KRAFTINTENSIV INDUSTRI";"2017";16124
"BERGVERKSDRIFT, UTVINNING OG INDUSTRI UTANOM KRAFTINTENSIV INDUSTRI";"2018";17070
"BERGVERKSDRIFT, UTVINNING OG INDUSTRI UTANOM KRAFTINTENSIV INDUSTRI";"2019";16663
"BERGVERKSDRIFT, UTVINNING OG INDUSTRI UTANOM KRAFTINTENSIV INDUSTRI";"2020";16813
"BERGVERKSDRIFT, UTVINNING OG INDUSTRI UTANOM KRAFTINTENSIV INDUSTRI";"2021";16558
"BERGVERKSDRIFT, UTVINNING OG INDUSTRI UTANOM KRAFTINTENSIV INDUSTRI";"2022";16997
"BERGVERKSDRIFT, UTVINNING OG INDUSTRI UTANOM KRAFTINTENSIV INDUSTRI";"2023";18285
"INDUSTRI UTENOM KRAFTINTENSIV INDUSTRI";"1993";..
"INDUSTRI UTENOM KRAFTINTENSIV INDUSTRI";"1994";..
"INDUSTRI UTENOM KRAFTINTENSIV INDUSTRI";"1995";..
"INDUSTRI UTENOM KRAFTINTENSIV INDUSTRI";"1996";..
"INDUSTRI UTENOM KRAFTINTENSIV INDUSTRI";"1997";..
"INDUSTRI UTENOM KRAFTINTENSIV INDUSTRI";"1998";..
"INDUSTRI UTENOM KRAFTINTENSIV INDUSTRI";"1999";..
"INDUSTRI UTENOM KRAFTINTENSIV INDUSTRI";"2000";..
"INDUSTRI UTENOM KRAFTINTENSIV INDUSTRI";"2001";..
"INDUSTRI UTENOM KRAFTINTENSIV INDUSTRI";"2002";..
"INDUSTRI UTENOM KRAFTINTENSIV INDUSTRI";"2003";..
"INDUSTRI UTENOM KRAFTINTENSIV INDUSTRI";"2004";..
"INDUSTRI UTENOM KRAFTINTENSIV INDUSTRI";"2005";..
"INDUSTRI UTENOM KRAFTINTENSIV INDUSTRI";"2006";..
"INDUSTRI UTENOM KRAFTINTENSIV INDUSTRI";"2007";..
"INDUSTRI UTENOM KRAFTINTENSIV INDUSTRI";"2008";8839
"INDUSTRI UTENOM KRAFTINTENSIV INDUSTRI";"2009";8073
"INDUSTRI UTENOM KRAFTINTENSIV INDUSTRI";"2010";8137
"INDUSTRI UTENOM KRAFTINTENSIV INDUSTRI";"2011";8190
"INDUSTRI UTENOM KRAFTINTENSIV INDUSTRI";"2012";8171
"INDUSTRI UTENOM KRAFTINTENSIV INDUSTRI";"2013";8007
"INDUSTRI UTENOM KRAFTINTENSIV INDUSTRI";"2014";7761
"INDUSTRI UTENOM KRAFTINTENSIV INDUSTRI";"2015";7703
"INDUSTRI UTENOM KRAFTINTENSIV INDUSTRI";"2016";7878
"INDUSTRI UTENOM KRAFTINTENSIV INDUSTRI";"2017";7842
"INDUSTRI UTENOM KRAFTINTENSIV INDUSTRI";"2018";7885
"INDUSTRI UTENOM KRAFTINTENSIV INDUSTRI";"2019";7849
"INDUSTRI UTENOM KRAFTINTENSIV INDUSTRI";"2020";7614
"INDUSTRI UTENOM KRAFTINTENSIV INDUSTRI";"2021";7992
"INDUSTRI UTENOM KRAFTINTENSIV INDUSTRI";"2022";7469
"INDUSTRI UTENOM KRAFTINTENSIV INDUSTRI";"2023";7506
"Næringsmiddelindustri";"1993";..
"Næringsmiddelindustri";"1994";..
"Næringsmiddelindustri";"1995";..
"Næringsmiddelindustri";"1996";..
"Næringsmiddelindustri";"1997";..
"Næringsmiddelindustri";"1998";..
"Næringsmiddelindustri";"1999";..
"Næringsmiddelindustri";"2000";..
"Næringsmiddelindustri";"2001";..
"Næringsmiddelindustri";"2002";..
"Næringsmiddelindustri";"2003";..
"Næringsmiddelindustri";"2004";..
"Næringsmiddelindustri";"2005";..
"Næringsmiddelindustri";"2006";..
"Næringsmiddelindustri";"2007";..
"Næringsmiddelindustri";"2008";2343
"Næringsmiddelindustri";"2009";2698
"Næringsmiddelindustri";"2010";2687
"Næringsmiddelindustri";"2011";2604
"Næringsmiddelindustri";"2012";2673
"Næringsmiddelindustri";"2013";2637
"Næringsmiddelindustri";"2014";2677
"Næringsmiddelindustri";"2015";2697
"Næringsmiddelindustri";"2016";2752
"Næringsmiddelindustri";"2017";2765
"Næringsmiddelindustri";"2018";2831
"Næringsmiddelindustri";"2019";2841
"Næringsmiddelindustri";"2020";2951
"Næringsmiddelindustri";"2021";3053
"Næringsmiddelindustri";"2022";3031
"Næringsmiddelindustri";"2023";3094
"Annen industri";"1993";..
"Annen industri";"1994";..
"Annen industri";"1995";..
"Annen industri";"1996";..
"Annen industri";"1997";..
"Annen industri";"1998";..
"Annen industri";"1999";..
"Annen industri";"2000";..
"Annen industri";"2001";..
"Annen industri";"2002";..
"Annen industri";"2003";..
"Annen industri";"2004";..
"Annen industri";"2005";..
"Annen industri";"2006";..
"Annen industri";"2007";..
"Annen industri";"2008";6496
"Annen industri";"2009";5375
"Annen industri";"2010";5450
"Annen industri";"2011";5586
"Annen industri";"2012";5497
"Annen industri";"2013";5370
"Annen industri";"2014";5084
"Annen industri";"2015";5006
"Annen industri";"2016";5126
"Annen industri";"2017";5077
"Annen industri";"2018";5054
"Annen industri";"2019";5008
"Annen industri";"2020";4663
"Annen industri";"2021";4939
"Annen industri";"2022";4439
"Annen industri";"2023";4412
"DIVERSE FORSYNINGS- OG RENOVASJONSVIRKSOMHET";"1993";..
"DIVERSE FORSYNINGS- OG RENOVASJONSVIRKSOMHET";"1994";..
"DIVERSE FORSYNINGS- OG RENOVASJONSVIRKSOMHET";"1995";..
"DIVERSE FORSYNINGS- OG RENOVASJONSVIRKSOMHET";"1996";..
"DIVERSE FORSYNINGS- OG RENOVASJONSVIRKSOMHET";"1997";..
"DIVERSE FORSYNINGS- OG RENOVASJONSVIRKSOMHET";"1998";..
"DIVERSE FORSYNINGS- OG RENOVASJONSVIRKSOMHET";"1999";..
"DIVERSE FORSYNINGS- OG RENOVASJONSVIRKSOMHET";"2000";..
"DIVERSE FORSYNINGS- OG RENOVASJONSVIRKSOMHET";"2001";..
"DIVERSE FORSYNINGS- OG RENOVASJONSVIRKSOMHET";"2002";..
"DIVERSE FORSYNINGS- OG RENOVASJONSVIRKSOMHET";"2003";..
"DIVERSE FORSYNINGS- OG RENOVASJONSVIRKSOMHET";"2004";..
"DIVERSE FORSYNINGS- OG RENOVASJONSVIRKSOMHET";"2005";..
"DIVERSE FORSYNINGS- OG RENOVASJONSVIRKSOMHET";"2006";..
"DIVERSE FORSYNINGS- OG RENOVASJONSVIRKSOMHET";"2007";..
"DIVERSE FORSYNINGS- OG RENOVASJONSVIRKSOMHET";"2008";1515
"DIVERSE FORSYNINGS- OG RENOVASJONSVIRKSOMHET";"2009";1836
"DIVERSE FORSYNINGS- OG RENOVASJONSVIRKSOMHET";"2010";1881
"DIVERSE FORSYNINGS- OG RENOVASJONSVIRKSOMHET";"2011";1752
"DIVERSE FORSYNINGS- OG RENOVASJONSVIRKSOMHET";"2012";2028
"DIVERSE FORSYNINGS- OG RENOVASJONSVIRKSOMHET";"2013";2223
"DIVERSE FORSYNINGS- OG RENOVASJONSVIRKSOMHET";"2014";2095
"DIVERSE FORSYNINGS- OG RENOVASJONSVIRKSOMHET";"2015";2112
"DIVERSE FORSYNINGS- OG RENOVASJONSVIRKSOMHET";"2016";2460
"DIVERSE FORSYNINGS- OG RENOVASJONSVIRKSOMHET";"2017";2365
"DIVERSE FORSYNINGS- OG RENOVASJONSVIRKSOMHET";"2018";2415
"DIVERSE FORSYNINGS- OG RENOVASJONSVIRKSOMHET";"2019";2368
"DIVERSE FORSYNINGS- OG RENOVASJONSVIRKSOMHET";"2020";2491
"DIVERSE FORSYNINGS- OG RENOVASJONSVIRKSOMHET";"2021";2594
"DIVERSE FORSYNINGS- OG RENOVASJONSVIRKSOMHET";"2022";2341
"DIVERSE FORSYNINGS- OG RENOVASJONSVIRKSOMHET";"2023";2859
"Produksjon og distribusjon av elektrisitet og av gass gjennom ledningsnett";"1993";..
"Produksjon og distribusjon av elektrisitet og av gass gjennom ledningsnett";"1994";..
"Produksjon og distribusjon av elektrisitet og av gass gjennom ledningsnett";"1995";..
"Produksjon og distribusjon av elektrisitet og av gass gjennom ledningsnett";"1996";..
"Produksjon og distribusjon av elektrisitet og av gass gjennom ledningsnett";"1997";..
"Produksjon og distribusjon av elektrisitet og av gass gjennom ledningsnett";"1998";..
"Produksjon og distribusjon av elektrisitet og av gass gjennom ledningsnett";"1999";..
"Produksjon og distribusjon av elektrisitet og av gass gjennom ledningsnett";"2000";..
"Produksjon og distribusjon av elektrisitet og av gass gjennom ledningsnett";"2001";..
"Produksjon og distribusjon av elektrisitet og av gass gjennom ledningsnett";"2002";..
"Produksjon og distribusjon av elektrisitet og av gass gjennom ledningsnett";"2003";..
"Produksjon og distribusjon av elektrisitet og av gass gjennom ledningsnett";"2004";..
"Produksjon og distribusjon av elektrisitet og av gass gjennom ledningsnett";"2005";..
"Produksjon og distribusjon av elektrisitet og av gass gjennom ledningsnett";"2006";..
"Produksjon og distribusjon av elektrisitet og av gass gjennom ledningsnett";"2007";..
"Produksjon og distribusjon av elektrisitet og av gass gjennom ledningsnett";"2008";311
"Produksjon og distribusjon av elektrisitet og av gass gjennom ledningsnett";"2009";349
"Produksjon og distribusjon av elektrisitet og av gass gjennom ledningsnett";"2010";406
"Produksjon og distribusjon av elektrisitet og av gass gjennom ledningsnett";"2011";360
"Produksjon og distribusjon av elektrisitet og av gass gjennom ledningsnett";"2012";381
"Produksjon og distribusjon av elektrisitet og av gass gjennom ledningsnett";"2013";530
"Produksjon og distribusjon av elektrisitet og av gass gjennom ledningsnett";"2014";505
"Produksjon og distribusjon av elektrisitet og av gass gjennom ledningsnett";"2015";550
"Produksjon og distribusjon av elektrisitet og av gass gjennom ledningsnett";"2016";690
"Produksjon og distribusjon av elektrisitet og av gass gjennom ledningsnett";"2017";661
"Produksjon og distribusjon av elektrisitet og av gass gjennom ledningsnett";"2018";650
"Produksjon og distribusjon av elektrisitet og av gass gjennom ledningsnett";"2019";662
"Produksjon og distribusjon av elektrisitet og av gass gjennom ledningsnett";"2020";584
"Produksjon og distribusjon av elektrisitet og av gass gjennom ledningsnett";"2021";633
"Produksjon og distribusjon av elektrisitet og av gass gjennom ledningsnett";"2022";689
"Produksjon og distribusjon av elektrisitet og av gass gjennom ledningsnett";"2023";854
"Fjernvarme";"1993";194
"Fjernvarme";"1994";205
"Fjernvarme";"1995";209
"Fjernvarme";"1996";154
"Fjernvarme";"1997";234
"Fjernvarme";"1998";228
"Fjernvarme";"1999";244
"Fjernvarme";"2000";314
"Fjernvarme";"2001";169
"Fjernvarme";"2002";173
"Fjernvarme";"2003";87
"Fjernvarme";"2004";631
"Fjernvarme";"2005";665
"Fjernvarme";"2006";651
"Fjernvarme";"2007";748
"Fjernvarme";"2008";831
"Fjernvarme";"2009";1014
"Fjernvarme";"2010";952
"Fjernvarme";"2011";834
"Fjernvarme";"2012";1086
"Fjernvarme";"2013";1123
"Fjernvarme";"2014";1015
"Fjernvarme";"2015";1001
"Fjernvarme";"2016";1158
"Fjernvarme";"2017";1104
"Fjernvarme";"2018";1102
"Fjernvarme";"2019";1031
"Fjernvarme";"2020";1147
"Fjernvarme";"2021";1199
"Fjernvarme";"2022";913
"Fjernvarme";"2023";1247
"Vannforsyning, avløps- og renovasjonsvirksomhet";"1993";..
"Vannforsyning, avløps- og renovasjonsvirksomhet";"1994";..
"Vannforsyning, avløps- og renovasjonsvirksomhet";"1995";..
"Vannforsyning, avløps- og renovasjonsvirksomhet";"1996";..
"Vannforsyning, avløps- og renovasjonsvirksomhet";"1997";..
"Vannforsyning, avløps- og renovasjonsvirksomhet";"1998";..
"Vannforsyning, avløps- og renovasjonsvirksomhet";"1999";..
"Vannforsyning, avløps- og renovasjonsvirksomhet";"2000";..
"Vannforsyning, avløps- og renovasjonsvirksomhet";"2001";..
"Vannforsyning, avløps- og renovasjonsvirksomhet";"2002";..
"Vannforsyning, avløps- og renovasjonsvirksomhet";"2003";..
"Vannforsyning, avløps- og renovasjonsvirksomhet";"2004";..
"Vannforsyning, avløps- og renovasjonsvirksomhet";"2005";..
"Vannforsyning, avløps- og renovasjonsvirksomhet";"2006";..
"Vannforsyning, avløps- og renovasjonsvirksomhet";"2007";..
"Vannforsyning, avløps- og renovasjonsvirksomhet";"2008";373
"Vannforsyning, avløps- og renovasjonsvirksomhet";"2009";474
"Vannforsyning, avløps- og renovasjonsvirksomhet";"2010";522
"Vannforsyning, avløps- og renovasjonsvirksomhet";"2011";559
"Vannforsyning, avløps- og renovasjonsvirksomhet";"2012";561
"Vannforsyning, avløps- og renovasjonsvirksomhet";"2013";571
"Vannforsyning, avløps- og renovasjonsvirksomhet";"2014";575
"Vannforsyning, avløps- og renovasjonsvirksomhet";"2015";561
"Vannforsyning, avløps- og renovasjonsvirksomhet";"2016";612
"Vannforsyning, avløps- og renovasjonsvirksomhet";"2017";600
"Vannforsyning, avløps- og renovasjonsvirksomhet";"2018";663
"Vannforsyning, avløps- og renovasjonsvirksomhet";"2019";675
"Vannforsyning, avløps- og renovasjonsvirksomhet";"2020";759
"Vannforsyning, avløps- og renovasjonsvirksomhet";"2021";762
"Vannforsyning, avløps- og renovasjonsvirksomhet";"2022";739
"Vannforsyning, avløps- og renovasjonsvirksomhet";"2023";758
"TRANSPORT OG LAGRING";"1993";1780
"TRANSPORT OG LAGRING";"1994";1749
"TRANSPORT OG LAGRING";"1995";1888
"TRANSPORT OG LAGRING";"1996";1863
"TRANSPORT OG LAGRING";"1997";1710
"TRANSPORT OG LAGRING";"1998";1758
"TRANSPORT OG LAGRING";"1999";1735
"TRANSPORT OG LAGRING";"2000";1818
"TRANSPORT OG LAGRING";"2001";1930
"TRANSPORT OG LAGRING";"2002";1987
"TRANSPORT OG LAGRING";"2003";1871
"TRANSPORT OG LAGRING";"2004";1469
"TRANSPORT OG LAGRING";"2005";1749
"TRANSPORT OG LAGRING";"2006";1892
"TRANSPORT OG LAGRING";"2007";1852
"TRANSPORT OG LAGRING";"2008";1607
"TRANSPORT OG LAGRING";"2009";1662
"TRANSPORT OG LAGRING";"2010";1754
"TRANSPORT OG LAGRING";"2011";1647
"TRANSPORT OG LAGRING";"2012";1702
"TRANSPORT OG LAGRING";"2013";1689
"TRANSPORT OG LAGRING";"2014";1659
"TRANSPORT OG LAGRING";"2015";1792
"TRANSPORT OG LAGRING";"2016";1817
"TRANSPORT OG LAGRING";"2017";1875
"TRANSPORT OG LAGRING";"2018";1858
"TRANSPORT OG LAGRING";"2019";1831
"TRANSPORT OG LAGRING";"2020";2156
"TRANSPORT OG LAGRING";"2021";2298
"TRANSPORT OG LAGRING";"2022";2329
"TRANSPORT OG LAGRING";"2023";2296
"Jernbane, sporveis- og forstadsbane";"1993";..
"Jernbane, sporveis- og forstadsbane";"1994";..
"Jernbane, sporveis- og forstadsbane";"1995";..
"Jernbane, sporveis- og forstadsbane";"1996";..
"Jernbane, sporveis- og forstadsbane";"1997";..
"Jernbane, sporveis- og forstadsbane";"1998";..
"Jernbane, sporveis- og forstadsbane";"1999";..
"Jernbane, sporveis- og forstadsbane";"2000";..
"Jernbane, sporveis- og forstadsbane";"2001";..
"Jernbane, sporveis- og forstadsbane";"2002";..
"Jernbane, sporveis- og forstadsbane";"2003";..
"Jernbane, sporveis- og forstadsbane";"2004";..
"Jernbane, sporveis- og forstadsbane";"2005";..
"Jernbane, sporveis- og forstadsbane";"2006";..
"Jernbane, sporveis- og forstadsbane";"2007";..
"Jernbane, sporveis- og forstadsbane";"2008";542
"Jernbane, sporveis- og forstadsbane";"2009";564
"Jernbane, sporveis- og forstadsbane";"2010";576
"Jernbane, sporveis- og forstadsbane";"2011";543
"Jernbane, sporveis- og forstadsbane";"2012";607
"Jernbane, sporveis- og forstadsbane";"2013";601
"Jernbane, sporveis- og forstadsbane";"2014";596
"Jernbane, sporveis- og forstadsbane";"2015";641
"Jernbane, sporveis- og forstadsbane";"2016";589
"Jernbane, sporveis- og forstadsbane";"2017";640
"Jernbane, sporveis- og forstadsbane";"2018";573
"Jernbane, sporveis- og forstadsbane";"2019";568
"Jernbane, sporveis- og forstadsbane";"2020";843
"Jernbane, sporveis- og forstadsbane";"2021";878
"Jernbane, sporveis- og forstadsbane";"2022";910
"Jernbane, sporveis- og forstadsbane";"2023";817
"Annen transport og lagring";"1993";..
"Annen transport og lagring";"1994";..
"Annen transport og lagring";"1995";..
"Annen transport og lagring";"1996";..
"Annen transport og lagring";"1997";..
"Annen transport og lagring";"1998";..
"Annen transport og lagring";"1999";..
"Annen transport og lagring";"2000";..
"Annen transport og lagring";"2001";..
"Annen transport og lagring";"2002";..
"Annen transport og lagring";"2003";..
"Annen transport og lagring";"2004";..
"Annen transport og lagring";"2005";..
"Annen transport og lagring";"2006";..
"Annen transport og lagring";"2007";..
"Annen transport og lagring";"2008";913
"Annen transport og lagring";"2009";981
"Annen transport og lagring";"2010";1057
"Annen transport og lagring";"2011";1010
"Annen transport og lagring";"2012";1009
"Annen transport og lagring";"2013";1012
"Annen transport og lagring";"2014";993
"Annen transport og lagring";"2015";1083
"Annen transport og lagring";"2016";1161
"Annen transport og lagring";"2017";1170
"Annen transport og lagring";"2018";1219
"Annen transport og lagring";"2019";1200
"Annen transport og lagring";"2020";1258
"Annen transport og lagring";"2021";1363
"Annen transport og lagring";"2022";1364
"Annen transport og lagring";"2023";1422
"Post og distribusjonsvirksomhet";"1993";..
"Post og distribusjonsvirksomhet";"1994";..
"Post og distribusjonsvirksomhet";"1995";..
"Post og distribusjonsvirksomhet";"1996";..
"Post og distribusjonsvirksomhet";"1997";..
"Post og distribusjonsvirksomhet";"1998";..
"Post og distribusjonsvirksomhet";"1999";..
"Post og distribusjonsvirksomhet";"2000";..
"Post og distribusjonsvirksomhet";"2001";..
"Post og distribusjonsvirksomhet";"2002";..
"Post og distribusjonsvirksomhet";"2003";..
"Post og distribusjonsvirksomhet";"2004";..
"Post og distribusjonsvirksomhet";"2005";..
"Post og distribusjonsvirksomhet";"2006";..
"Post og distribusjonsvirksomhet";"2007";..
"Post og distribusjonsvirksomhet";"2008";152
"Post og distribusjonsvirksomhet";"2009";116
"Post og distribusjonsvirksomhet";"2010";120
"Post og distribusjonsvirksomhet";"2011";95
"Post og distribusjonsvirksomhet";"2012";87
"Post og distribusjonsvirksomhet";"2013";76
"Post og distribusjonsvirksomhet";"2014";70
"Post og distribusjonsvirksomhet";"2015";68
"Post og distribusjonsvirksomhet";"2016";67
"Post og distribusjonsvirksomhet";"2017";65
"Post og distribusjonsvirksomhet";"2018";66
"Post og distribusjonsvirksomhet";"2019";63
"Post og distribusjonsvirksomhet";"2020";56
"Post og distribusjonsvirksomhet";"2021";57
"Post og distribusjonsvirksomhet";"2022";55
"Post og distribusjonsvirksomhet";"2023";57
"BYGG- OG ANLEGGSVIRKSOMHET OG ANNEN TJENESTEYTING";"1993";19557
"BYGG- OG ANLEGGSVIRKSOMHET OG ANNEN TJENESTEYTING";"1994";20052
"BYGG- OG ANLEGGSVIRKSOMHET OG ANNEN TJENESTEYTING";"1995";20298
"BYGG- OG ANLEGGSVIRKSOMHET OG ANNEN TJENESTEYTING";"1996";20020
"BYGG- OG ANLEGGSVIRKSOMHET OG ANNEN TJENESTEYTING";"1997";21181
"BYGG- OG ANLEGGSVIRKSOMHET OG ANNEN TJENESTEYTING";"1998";22561
"BYGG- OG ANLEGGSVIRKSOMHET OG ANNEN TJENESTEYTING";"1999";22309
"BYGG- OG ANLEGGSVIRKSOMHET OG ANNEN TJENESTEYTING";"2000";22910
"BYGG- OG ANLEGGSVIRKSOMHET OG ANNEN TJENESTEYTING";"2001";24543
"BYGG- OG ANLEGGSVIRKSOMHET OG ANNEN TJENESTEYTING";"2002";23995
"BYGG- OG ANLEGGSVIRKSOMHET OG ANNEN TJENESTEYTING";"2003";22582
"BYGG- OG ANLEGGSVIRKSOMHET OG ANNEN TJENESTEYTING";"2004";22286
"BYGG- OG ANLEGGSVIRKSOMHET OG ANNEN TJENESTEYTING";"2005";23502
"BYGG- OG ANLEGGSVIRKSOMHET OG ANNEN TJENESTEYTING";"2006";23481
"BYGG- OG ANLEGGSVIRKSOMHET OG ANNEN TJENESTEYTING";"2007";24429
"BYGG- OG ANLEGGSVIRKSOMHET OG ANNEN TJENESTEYTING";"2008";23988
"BYGG- OG ANLEGGSVIRKSOMHET OG ANNEN TJENESTEYTING";"2009";24442
"BYGG- OG ANLEGGSVIRKSOMHET OG ANNEN TJENESTEYTING";"2010";25765
"BYGG- OG ANLEGGSVIRKSOMHET OG ANNEN TJENESTEYTING";"2011";24056
"BYGG- OG ANLEGGSVIRKSOMHET OG ANNEN TJENESTEYTING";"2012";24957
"BYGG- OG ANLEGGSVIRKSOMHET OG ANNEN TJENESTEYTING";"2013";24958
"BYGG- OG ANLEGGSVIRKSOMHET OG ANNEN TJENESTEYTING";"2014";24101
"BYGG- OG ANLEGGSVIRKSOMHET OG ANNEN TJENESTEYTING";"2015";24061
"BYGG- OG ANLEGGSVIRKSOMHET OG ANNEN TJENESTEYTING";"2016";24722
"BYGG- OG ANLEGGSVIRKSOMHET OG ANNEN TJENESTEYTING";"2017";24660
"BYGG- OG ANLEGGSVIRKSOMHET OG ANNEN TJENESTEYTING";"2018";25277
"BYGG- OG ANLEGGSVIRKSOMHET OG ANNEN TJENESTEYTING";"2019";24924
"BYGG- OG ANLEGGSVIRKSOMHET OG ANNEN TJENESTEYTING";"2020";23962
"BYGG- OG ANLEGGSVIRKSOMHET OG ANNEN TJENESTEYTING";"2021";25789
"BYGG- OG ANLEGGSVIRKSOMHET OG ANNEN TJENESTEYTING";"2022";24814
"BYGG- OG ANLEGGSVIRKSOMHET OG ANNEN TJENESTEYTING";"2023";24860
"Bygge- og anleggsvirksomhet";"1993";..
"Bygge- og anleggsvirksomhet";"1994";..
"Bygge- og anleggsvirksomhet";"1995";..
"Bygge- og anleggsvirksomhet";"1996";..
"Bygge- og anleggsvirksomhet";"1997";..
"Bygge- og anleggsvirksomhet";"1998";..
"Bygge- og anleggsvirksomhet";"1999";..
"Bygge- og anleggsvirksomhet";"2000";..
"Bygge- og anleggsvirksomhet";"2001";..
"Bygge- og anleggsvirksomhet";"2002";..
"Bygge- og anleggsvirksomhet";"2003";..
"Bygge- og anleggsvirksomhet";"2004";..
"Bygge- og anleggsvirksomhet";"2005";..
"Bygge- og anleggsvirksomhet";"2006";..
"Bygge- og anleggsvirksomhet";"2007";..
"Bygge- og anleggsvirksomhet";"2008";1038
"Bygge- og anleggsvirksomhet";"2009";1073
"Bygge- og anleggsvirksomhet";"2010";1169
"Bygge- og anleggsvirksomhet";"2011";1117
"Bygge- og anleggsvirksomhet";"2012";1236
"Bygge- og anleggsvirksomhet";"2013";1277
"Bygge- og anleggsvirksomhet";"2014";1271
"Bygge- og anleggsvirksomhet";"2015";1309
"Bygge- og anleggsvirksomhet";"2016";1419
"Bygge- og anleggsvirksomhet";"2017";1511
"Bygge- og anleggsvirksomhet";"2018";1528
"Bygge- og anleggsvirksomhet";"2019";1506
"Bygge- og anleggsvirksomhet";"2020";1479
"Bygge- og anleggsvirksomhet";"2021";1639
"Bygge- og anleggsvirksomhet";"2022";1571
"Bygge- og anleggsvirksomhet";"2023";1578
"Varehandel, reparasjon og motorvogner";"1993";..
"Varehandel, reparasjon og motorvogner";"1994";..
"Varehandel, reparasjon og motorvogner";"1995";..
"Varehandel, reparasjon og motorvogner";"1996";..
"Varehandel, reparasjon og motorvogner";"1997";..
"Varehandel, reparasjon og motorvogner";"1998";..
"Varehandel, reparasjon og motorvogner";"1999";..
"Varehandel, reparasjon og motorvogner";"2000";..
"Varehandel, reparasjon og motorvogner";"2001";..
"Varehandel, reparasjon og motorvogner";"2002";..
"Varehandel, reparasjon og motorvogner";"2003";..
"Varehandel, reparasjon og motorvogner";"2004";..
"Varehandel, reparasjon og motorvogner";"2005";..
"Varehandel, reparasjon og motorvogner";"2006";..
"Varehandel, reparasjon og motorvogner";"2007";..
"Varehandel, reparasjon og motorvogner";"2008";4699
"Varehandel, reparasjon og motorvogner";"2009";4744
"Varehandel, reparasjon og motorvogner";"2010";4996
"Varehandel, reparasjon og motorvogner";"2011";4737
"Varehandel, reparasjon og motorvogner";"2012";4812
"Varehandel, reparasjon og motorvogner";"2013";4719
"Varehandel, reparasjon og motorvogner";"2014";4517
"Varehandel, reparasjon og motorvogner";"2015";4447
"Varehandel, reparasjon og motorvogner";"2016";4507
"Varehandel, reparasjon og motorvogner";"2017";4410
"Varehandel, reparasjon og motorvogner";"2018";4452
"Varehandel, reparasjon og motorvogner";"2019";4313
"Varehandel, reparasjon og motorvogner";"2020";4217
"Varehandel, reparasjon og motorvogner";"2021";4375
"Varehandel, reparasjon og motorvogner";"2022";4121
"Varehandel, reparasjon og motorvogner";"2023";4080
"Overnattings- og serveringsvirksomhet";"1993";1287
"Overnattings- og serveringsvirksomhet";"1994";1388
"Overnattings- og serveringsvirksomhet";"1995";1375
"Overnattings- og serveringsvirksomhet";"1996";1274
"Overnattings- og serveringsvirksomhet";"1997";1367
"Overnattings- og serveringsvirksomhet";"1998";1435
"Overnattings- og serveringsvirksomhet";"1999";1396
"Overnattings- og serveringsvirksomhet";"2000";1455
"Overnattings- og serveringsvirksomhet";"2001";1490
"Overnattings- og serveringsvirksomhet";"2002";1410
"Overnattings- og serveringsvirksomhet";"2003";1332
"Overnattings- og serveringsvirksomhet";"2004";1299
"Overnattings- og serveringsvirksomhet";"2005";1405
"Overnattings- og serveringsvirksomhet";"2006";1381
"Overnattings- og serveringsvirksomhet";"2007";1415
"Overnattings- og serveringsvirksomhet";"2008";1571
"Overnattings- og serveringsvirksomhet";"2009";1583
"Overnattings- og serveringsvirksomhet";"2010";1668
"Overnattings- og serveringsvirksomhet";"2011";1528
"Overnattings- og serveringsvirksomhet";"2012";1600
"Overnattings- og serveringsvirksomhet";"2013";1583
"Overnattings- og serveringsvirksomhet";"2014";1535
"Overnattings- og serveringsvirksomhet";"2015";1556
"Overnattings- og serveringsvirksomhet";"2016";1598
"Overnattings- og serveringsvirksomhet";"2017";1575
"Overnattings- og serveringsvirksomhet";"2018";1594
"Overnattings- og serveringsvirksomhet";"2019";1566
"Overnattings- og serveringsvirksomhet";"2020";1363
"Overnattings- og serveringsvirksomhet";"2021";1467
"Overnattings- og serveringsvirksomhet";"2022";1479
"Overnattings- og serveringsvirksomhet";"2023";1465
"Informasjon og kommunikasjon";"1993";..
"Informasjon og kommunikasjon";"1994";..
"Informasjon og kommunikasjon";"1995";..
"Informasjon og kommunikasjon";"1996";..
"Informasjon og kommunikasjon";"1997";..
"Informasjon og kommunikasjon";"1998";..
"Informasjon og kommunikasjon";"1999";..
"Informasjon og kommunikasjon";"2000";..
"Informasjon og kommunikasjon";"2001";..
"Informasjon og kommunikasjon";"2002";..
"Informasjon og kommunikasjon";"2003";..
"Informasjon og kommunikasjon";"2004";..
"Informasjon og kommunikasjon";"2005";..
"Informasjon og kommunikasjon";"2006";..
"Informasjon og kommunikasjon";"2007";..
"Informasjon og kommunikasjon";"2008";740
"Informasjon og kommunikasjon";"2009";784
"Informasjon og kommunikasjon";"2010";794
"Informasjon og kommunikasjon";"2011";754
"Informasjon og kommunikasjon";"2012";752
"Informasjon og kommunikasjon";"2013";752
"Informasjon og kommunikasjon";"2014";749
"Informasjon og kommunikasjon";"2015";753
"Informasjon og kommunikasjon";"2016";750
"Informasjon og kommunikasjon";"2017";764
"Informasjon og kommunikasjon";"2018";1185
"Informasjon og kommunikasjon";"2019";1281
"Informasjon og kommunikasjon";"2020";1235
"Informasjon og kommunikasjon";"2021";1687
"Informasjon og kommunikasjon";"2022";1961
"Informasjon og kommunikasjon";"2023";2143
"Finans, tjenesteyting, forsikring og pensjonskasser";"1993";..
"Finans, tjenesteyting, forsikring og pensjonskasser";"1994";..
"Finans, tjenesteyting, forsikring og pensjonskasser";"1995";..
"Finans, tjenesteyting, forsikring og pensjonskasser";"1996";..
"Finans, tjenesteyting, forsikring og pensjonskasser";"1997";..
"Finans, tjenesteyting, forsikring og pensjonskasser";"1998";..
"Finans, tjenesteyting, forsikring og pensjonskasser";"1999";..
"Finans, tjenesteyting, forsikring og pensjonskasser";"2000";..
"Finans, tjenesteyting, forsikring og pensjonskasser";"2001";..
"Finans, tjenesteyting, forsikring og pensjonskasser";"2002";..
"Finans, tjenesteyting, forsikring og pensjonskasser";"2003";..
"Finans, tjenesteyting, forsikring og pensjonskasser";"2004";..
"Finans, tjenesteyting, forsikring og pensjonskasser";"2005";..
"Finans, tjenesteyting, forsikring og pensjonskasser";"2006";..
"Finans, tjenesteyting, forsikring og pensjonskasser";"2007";..
"Finans, tjenesteyting, forsikring og pensjonskasser";"2008";455
"Finans, tjenesteyting, forsikring og pensjonskasser";"2009";450
"Finans, tjenesteyting, forsikring og pensjonskasser";"2010";410
"Finans, tjenesteyting, forsikring og pensjonskasser";"2011";353
"Finans, tjenesteyting, forsikring og pensjonskasser";"2012";340
"Finans, tjenesteyting, forsikring og pensjonskasser";"2013";311
"Finans, tjenesteyting, forsikring og pensjonskasser";"2014";295
"Finans, tjenesteyting, forsikring og pensjonskasser";"2015";281
"Finans, tjenesteyting, forsikring og pensjonskasser";"2016";264
"Finans, tjenesteyting, forsikring og pensjonskasser";"2017";223
"Finans, tjenesteyting, forsikring og pensjonskasser";"2018";210
"Finans, tjenesteyting, forsikring og pensjonskasser";"2019";194
"Finans, tjenesteyting, forsikring og pensjonskasser";"2020";163
"Finans, tjenesteyting, forsikring og pensjonskasser";"2021";164
"Finans, tjenesteyting, forsikring og pensjonskasser";"2022";153
"Finans, tjenesteyting, forsikring og pensjonskasser";"2023";151
"Omsetning og drift av fast eiendom";"1993";..
"Omsetning og drift av fast eiendom";"1994";..
"Omsetning og drift av fast eiendom";"1995";..
"Omsetning og drift av fast eiendom";"1996";..
"Omsetning og drift av fast eiendom";"1997";..
"Omsetning og drift av fast eiendom";"1998";..
"Omsetning og drift av fast eiendom";"1999";..
"Omsetning og drift av fast eiendom";"2000";..
"Omsetning og drift av fast eiendom";"2001";..
"Omsetning og drift av fast eiendom";"2002";..
"Omsetning og drift av fast eiendom";"2003";..
"Omsetning og drift av fast eiendom";"2004";..
"Omsetning og drift av fast eiendom";"2005";..
"Omsetning og drift av fast eiendom";"2006";..
"Omsetning og drift av fast eiendom";"2007";..
"Omsetning og drift av fast eiendom";"2008";3201
"Omsetning og drift av fast eiendom";"2009";3852
"Omsetning og drift av fast eiendom";"2010";4168
"Omsetning og drift av fast eiendom";"2011";4014
"Omsetning og drift av fast eiendom";"2012";4185
"Omsetning og drift av fast eiendom";"2013";4410
"Omsetning og drift av fast eiendom";"2014";4265
"Omsetning og drift av fast eiendom";"2015";4178
"Omsetning og drift av fast eiendom";"2016";4409
"Omsetning og drift av fast eiendom";"2017";4448
"Omsetning og drift av fast eiendom";"2018";4602
"Omsetning og drift av fast eiendom";"2019";4529
"Omsetning og drift av fast eiendom";"2020";4551
"Omsetning og drift av fast eiendom";"2021";4865
"Omsetning og drift av fast eiendom";"2022";4413
"Omsetning og drift av fast eiendom";"2023";4355
"Faglig, vitskapelig og teknisk tjenesteyting";"1993";..
"Faglig, vitskapelig og teknisk tjenesteyting";"1994";..
"Faglig, vitskapelig og teknisk tjenesteyting";"1995";..
"Faglig, vitskapelig og teknisk tjenesteyting";"1996";..
"Faglig, vitskapelig og teknisk tjenesteyting";"1997";..
"Faglig, vitskapelig og teknisk tjenesteyting";"1998";..
"Faglig, vitskapelig og teknisk tjenesteyting";"1999";..
"Faglig, vitskapelig og teknisk tjenesteyting";"2000";..
"Faglig, vitskapelig og teknisk tjenesteyting";"2001";..
"Faglig, vitskapelig og teknisk tjenesteyting";"2002";..
"Faglig, vitskapelig og teknisk tjenesteyting";"2003";..
"Faglig, vitskapelig og teknisk tjenesteyting";"2004";..
"Faglig, vitskapelig og teknisk tjenesteyting";"2005";..
"Faglig, vitskapelig og teknisk tjenesteyting";"2006";..
"Faglig, vitskapelig og teknisk tjenesteyting";"2007";..
"Faglig, vitskapelig og teknisk tjenesteyting";"2008";528
"Faglig, vitskapelig og teknisk tjenesteyting";"2009";590
"Faglig, vitskapelig og teknisk tjenesteyting";"2010";732
"Faglig, vitskapelig og teknisk tjenesteyting";"2011";632
"Faglig, vitskapelig og teknisk tjenesteyting";"2012";663
"Faglig, vitskapelig og teknisk tjenesteyting";"2013";685
"Faglig, vitskapelig og teknisk tjenesteyting";"2014";717
"Faglig, vitskapelig og teknisk tjenesteyting";"2015";746
"Faglig, vitskapelig og teknisk tjenesteyting";"2016";782
"Faglig, vitskapelig og teknisk tjenesteyting";"2017";791
"Faglig, vitskapelig og teknisk tjenesteyting";"2018";796
"Faglig, vitskapelig og teknisk tjenesteyting";"2019";759
"Faglig, vitskapelig og teknisk tjenesteyting";"2020";796
"Faglig, vitskapelig og teknisk tjenesteyting";"2021";827
"Faglig, vitskapelig og teknisk tjenesteyting";"2022";836
"Faglig, vitskapelig og teknisk tjenesteyting";"2023";785
"Forretningsmessig tjenesteyting";"1993";..
"Forretningsmessig tjenesteyting";"1994";..
"Forretningsmessig tjenesteyting";"1995";..
"Forretningsmessig tjenesteyting";"1996";..
"Forretningsmessig tjenesteyting";"1997";..
"Forretningsmessig tjenesteyting";"1998";..
"Forretningsmessig tjenesteyting";"1999";..
"Forretningsmessig tjenesteyting";"2000";..
"Forretningsmessig tjenesteyting";"2001";..
"Forretningsmessig tjenesteyting";"2002";..
"Forretningsmessig tjenesteyting";"2003";..
"Forretningsmessig tjenesteyting";"2004";..
"Forretningsmessig tjenesteyting";"2005";..
"Forretningsmessig tjenesteyting";"2006";..
"Forretningsmessig tjenesteyting";"2007";..
"Forretningsmessig tjenesteyting";"2008";564
"Forretningsmessig tjenesteyting";"2009";635
"Forretningsmessig tjenesteyting";"2010";696
"Forretningsmessig tjenesteyting";"2011";660
"Forretningsmessig tjenesteyting";"2012";665
"Forretningsmessig tjenesteyting";"2013";684
"Forretningsmessig tjenesteyting";"2014";703
"Forretningsmessig tjenesteyting";"2015";714
"Forretningsmessig tjenesteyting";"2016";718
"Forretningsmessig tjenesteyting";"2017";733
"Forretningsmessig tjenesteyting";"2018";729
"Forretningsmessig tjenesteyting";"2019";714
"Forretningsmessig tjenesteyting";"2020";667
"Forretningsmessig tjenesteyting";"2021";717
"Forretningsmessig tjenesteyting";"2022";697
"Forretningsmessig tjenesteyting";"2023";707
"Offentlig administrasjon og forsvar";"1993";..
"Offentlig administrasjon og forsvar";"1994";..
"Offentlig administrasjon og forsvar";"1995";..
"Offentlig administrasjon og forsvar";"1996";..
"Offentlig administrasjon og forsvar";"1997";..
"Offentlig administrasjon og forsvar";"1998";..
"Offentlig administrasjon og forsvar";"1999";..
"Offentlig administrasjon og forsvar";"2000";..
"Offentlig administrasjon og forsvar";"2001";..
"Offentlig administrasjon og forsvar";"2002";..
"Offentlig administrasjon og forsvar";"2003";..
"Offentlig administrasjon og forsvar";"2004";..
"Offentlig administrasjon og forsvar";"2005";..
"Offentlig administrasjon og forsvar";"2006";..
"Offentlig administrasjon og forsvar";"2007";..
"Offentlig administrasjon og forsvar";"2008";4202
"Offentlig administrasjon og forsvar";"2009";4357
"Offentlig administrasjon og forsvar";"2010";4530
"Offentlig administrasjon og forsvar";"2011";4365
"Offentlig administrasjon og forsvar";"2012";4623
"Offentlig administrasjon og forsvar";"2013";4656
"Offentlig administrasjon og forsvar";"2014";4516
"Offentlig administrasjon og forsvar";"2015";4609
"Offentlig administrasjon og forsvar";"2016";4755
"Offentlig administrasjon og forsvar";"2017";4832
"Offentlig administrasjon og forsvar";"2018";4890
"Offentlig administrasjon og forsvar";"2019";4878
"Offentlig administrasjon og forsvar";"2020";4857
"Offentlig administrasjon og forsvar";"2021";5116
"Offentlig administrasjon og forsvar";"2022";4929
"Offentlig administrasjon og forsvar";"2023";4986
"Gate- og veilys";"1993";450
"Gate- og veilys";"1994";465
"Gate- og veilys";"1995";453
"Gate- og veilys";"1996";422
"Gate- og veilys";"1997";375
"Gate- og veilys";"1998";454
"Gate- og veilys";"1999";420
"Gate- og veilys";"2000";532
"Gate- og veilys";"2001";508
"Gate- og veilys";"2002";521
"Gate- og veilys";"2003";483
"Gate- og veilys";"2004";536
"Gate- og veilys";"2005";561
"Gate- og veilys";"2006";539
"Gate- og veilys";"2007";570
"Gate- og veilys";"2008";574
"Gate- og veilys";"2009";558
"Gate- og veilys";"2010";556
"Gate- og veilys";"2011";574
"Gate- og veilys";"2012";569
"Gate- og veilys";"2013";579
"Gate- og veilys";"2014";595
"Gate- og veilys";"2015";564
"Gate- og veilys";"2016";529
"Gate- og veilys";"2017";512
"Gate- og veilys";"2018";466
"Gate- og veilys";"2019";455
"Gate- og veilys";"2020";441
"Gate- og veilys";"2021";439
"Gate- og veilys";"2022";421
"Gate- og veilys";"2023";398
"Undervisning";"1993";2462
"Undervisning";"1994";2664
"Undervisning";"1995";2603
"Undervisning";"1996";2490
"Undervisning";"1997";2618
"Undervisning";"1998";2907
"Undervisning";"1999";2765
"Undervisning";"2000";2758
"Undervisning";"2001";2690
"Undervisning";"2002";2578
"Undervisning";"2003";2354
"Undervisning";"2004";2582
"Undervisning";"2005";2613
"Undervisning";"2006";2448
"Undervisning";"2007";2473
"Undervisning";"2008";2170
"Undervisning";"2009";2060
"Undervisning";"2010";2083
"Undervisning";"2011";1795
"Undervisning";"2012";1838
"Undervisning";"2013";1735
"Undervisning";"2014";1566
"Undervisning";"2015";1536
"Undervisning";"2016";1538
"Undervisning";"2017";1487
"Undervisning";"2018";1453
"Undervisning";"2019";1398
"Undervisning";"2020";1049
"Undervisning";"2021";1113
"Undervisning";"2022";1062
"Undervisning";"2023";1058
"Helse- og sosialtjenester";"1993";2366
"Helse- og sosialtjenester";"1994";2169
"Helse- og sosialtjenester";"1995";2180
"Helse- og sosialtjenester";"1996";2056
"Helse- og sosialtjenester";"1997";2270
"Helse- og sosialtjenester";"1998";2473
"Helse- og sosialtjenester";"1999";2312
"Helse- og sosialtjenester";"2000";2510
"Helse- og sosialtjenester";"2001";2294
"Helse- og sosialtjenester";"2002";2232
"Helse- og sosialtjenester";"2003";2040
"Helse- og sosialtjenester";"2004";2383
"Helse- og sosialtjenester";"2005";2465
"Helse- og sosialtjenester";"2006";2186
"Helse- og sosialtjenester";"2007";2239
"Helse- og sosialtjenester";"2008";1975
"Helse- og sosialtjenester";"2009";1970
"Helse- og sosialtjenester";"2010";2085
"Helse- og sosialtjenester";"2011";1899
"Helse- og sosialtjenester";"2012";2006
"Helse- og sosialtjenester";"2013";1932
"Helse- og sosialtjenester";"2014";1861
"Helse- og sosialtjenester";"2015";1848
"Helse- og sosialtjenester";"2016";1892
"Helse- og sosialtjenester";"2017";1839
"Helse- og sosialtjenester";"2018";1823
"Helse- og sosialtjenester";"2019";1799
"Helse- og sosialtjenester";"2020";1719
"Helse- og sosialtjenester";"2021";1814
"Helse- og sosialtjenester";"2022";1698
"Helse- og sosialtjenester";"2023";1699
"Kunstnerisk virksomhet, bibliotek mv, sport og fritid";"1993";..
"Kunstnerisk virksomhet, bibliotek mv, sport og fritid";"1994";..
"Kunstnerisk virksomhet, bibliotek mv, sport og fritid";"1995";..
"Kunstnerisk virksomhet, bibliotek mv, sport og fritid";"1996";..
"Kunstnerisk virksomhet, bibliotek mv, sport og fritid";"1997";..
"Kunstnerisk virksomhet, bibliotek mv, sport og fritid";"1998";..
"Kunstnerisk virksomhet, bibliotek mv, sport og fritid";"1999";..
"Kunstnerisk virksomhet, bibliotek mv, sport og fritid";"2000";..
"Kunstnerisk virksomhet, bibliotek mv, sport og fritid";"2001";..
"Kunstnerisk virksomhet, bibliotek mv, sport og fritid";"2002";..
"Kunstnerisk virksomhet, bibliotek mv, sport og fritid";"2003";..
"Kunstnerisk virksomhet, bibliotek mv, sport og fritid";"2004";..
"Kunstnerisk virksomhet, bibliotek mv, sport og fritid";"2005";..
"Kunstnerisk virksomhet, bibliotek mv, sport og fritid";"2006";..
"Kunstnerisk virksomhet, bibliotek mv, sport og fritid";"2007";..
"Kunstnerisk virksomhet, bibliotek mv, sport og fritid";"2008";549
"Kunstnerisk virksomhet, bibliotek mv, sport og fritid";"2009";674
"Kunstnerisk virksomhet, bibliotek mv, sport og fritid";"2010";742
"Kunstnerisk virksomhet, bibliotek mv, sport og fritid";"2011";671
"Kunstnerisk virksomhet, bibliotek mv, sport og fritid";"2012";717
"Kunstnerisk virksomhet, bibliotek mv, sport og fritid";"2013";734
"Kunstnerisk virksomhet, bibliotek mv, sport og fritid";"2014";712
"Kunstnerisk virksomhet, bibliotek mv, sport og fritid";"2015";733
"Kunstnerisk virksomhet, bibliotek mv, sport og fritid";"2016";783
"Kunstnerisk virksomhet, bibliotek mv, sport og fritid";"2017";763
"Kunstnerisk virksomhet, bibliotek mv, sport og fritid";"2018";773
"Kunstnerisk virksomhet, bibliotek mv, sport og fritid";"2019";766
"Kunstnerisk virksomhet, bibliotek mv, sport og fritid";"2020";685
"Kunstnerisk virksomhet, bibliotek mv, sport og fritid";"2021";774
"Kunstnerisk virksomhet, bibliotek mv, sport og fritid";"2022";734
"Kunstnerisk virksomhet, bibliotek mv, sport og fritid";"2023";744
"Aktiviteter i medlemsorganisasjoner";"1993";..
"Aktiviteter i medlemsorganisasjoner";"1994";..
"Aktiviteter i medlemsorganisasjoner";"1995";..
"Aktiviteter i medlemsorganisasjoner";"1996";..
"Aktiviteter i medlemsorganisasjoner";"1997";..
"Aktiviteter i medlemsorganisasjoner";"1998";..
"Aktiviteter i medlemsorganisasjoner";"1999";..
"Aktiviteter i medlemsorganisasjoner";"2000";..
"Aktiviteter i medlemsorganisasjoner";"2001";..
"Aktiviteter i medlemsorganisasjoner";"2002";..
"Aktiviteter i medlemsorganisasjoner";"2003";..
"Aktiviteter i medlemsorganisasjoner";"2004";..
"Aktiviteter i medlemsorganisasjoner";"2005";..
"Aktiviteter i medlemsorganisasjoner";"2006";..
"Aktiviteter i medlemsorganisasjoner";"2007";..
"Aktiviteter i medlemsorganisasjoner";"2008";386
"Aktiviteter i medlemsorganisasjoner";"2009";449
"Aktiviteter i medlemsorganisasjoner";"2010";519
"Aktiviteter i medlemsorganisasjoner";"2011";473
"Aktiviteter i medlemsorganisasjoner";"2012";507
"Aktiviteter i medlemsorganisasjoner";"2013";522
"Aktiviteter i medlemsorganisasjoner";"2014";494
"Aktiviteter i medlemsorganisasjoner";"2015";502
"Aktiviteter i medlemsorganisasjoner";"2016";525
"Aktiviteter i medlemsorganisasjoner";"2017";533
"Aktiviteter i medlemsorganisasjoner";"2018";544
"Aktiviteter i medlemsorganisasjoner";"2019";535
"Aktiviteter i medlemsorganisasjoner";"2020";493
"Aktiviteter i medlemsorganisasjoner";"2021";539
"Aktiviteter i medlemsorganisasjoner";"2022";489
"Aktiviteter i medlemsorganisasjoner";"2023";466
"Tjenesteyting ellers";"1993";..
"Tjenesteyting ellers";"1994";..
"Tjenesteyting ellers";"1995";..
"Tjenesteyting ellers";"1996";..
"Tjenesteyting ellers";"1997";..
"Tjenesteyting ellers";"1998";..
"Tjenesteyting ellers";"1999";..
"Tjenesteyting ellers";"2000";..
"Tjenesteyting ellers";"2001";..
"Tjenesteyting ellers";"2002";..
"Tjenesteyting ellers";"2003";..
"Tjenesteyting ellers";"2004";..
"Tjenesteyting ellers";"2005";..
"Tjenesteyting ellers";"2006";..
"Tjenesteyting ellers";"2007";..
"Tjenesteyting ellers";"2008";1336
"Tjenesteyting ellers";"2009";663
"Tjenesteyting ellers";"2010";616
"Tjenesteyting ellers";"2011";484
"Tjenesteyting ellers";"2012";442
"Tjenesteyting ellers";"2013";378
"Tjenesteyting ellers";"2014";305
"Tjenesteyting ellers";"2015";285
"Tjenesteyting ellers";"2016";253
"Tjenesteyting ellers";"2017";239
"Tjenesteyting ellers";"2018";232
"Tjenesteyting ellers";"2019";231
"Tjenesteyting ellers";"2020";248
"Tjenesteyting ellers";"2021";251
"Tjenesteyting ellers";"2022";248
"Tjenesteyting ellers";"2023";246
"HUSHOLDNINGER OG JORDBRUK";"1993";35194
"HUSHOLDNINGER OG JORDBRUK";"1994";36393
"HUSHOLDNINGER OG JORDBRUK";"1995";36692
"HUSHOLDNINGER OG JORDBRUK";"1996";37272
"HUSHOLDNINGER OG JORDBRUK";"1997";35905
"HUSHOLDNINGER OG JORDBRUK";"1998";37002
"HUSHOLDNINGER OG JORDBRUK";"1999";37051
"HUSHOLDNINGER OG JORDBRUK";"2000";36740
"HUSHOLDNINGER OG JORDBRUK";"2001";38109
"HUSHOLDNINGER OG JORDBRUK";"2002";36762
"HUSHOLDNINGER OG JORDBRUK";"2003";33938
"HUSHOLDNINGER OG JORDBRUK";"2004";34500
"HUSHOLDNINGER OG JORDBRUK";"2005";36145
"HUSHOLDNINGER OG JORDBRUK";"2006";35695
"HUSHOLDNINGER OG JORDBRUK";"2007";37031
"HUSHOLDNINGER OG JORDBRUK";"2008";37226
"HUSHOLDNINGER OG JORDBRUK";"2009";38445
"HUSHOLDNINGER OG JORDBRUK";"2010";41963
"HUSHOLDNINGER OG JORDBRUK";"2011";38056
"HUSHOLDNINGER OG JORDBRUK";"2012";40345
"HUSHOLDNINGER OG JORDBRUK";"2013";40965
"HUSHOLDNINGER OG JORDBRUK";"2014";38882
"HUSHOLDNINGER OG JORDBRUK";"2015";40718
"HUSHOLDNINGER OG JORDBRUK";"2016";42147
"HUSHOLDNINGER OG JORDBRUK";"2017";42853
"HUSHOLDNINGER OG JORDBRUK";"2018";43190
"HUSHOLDNINGER OG JORDBRUK";"2019";43009
"HUSHOLDNINGER OG JORDBRUK";"2020";43094
"HUSHOLDNINGER OG JORDBRUK";"2021";45124
"HUSHOLDNINGER OG JORDBRUK";"2022";40022
"HUSHOLDNINGER OG JORDBRUK";"2023";42932
"Jordbruk, skogbruk og fiske";"1993";1776
"Jordbruk, skogbruk og fiske";"1994";1799
"Jordbruk, skogbruk og fiske";"1995";1914
"Jordbruk, skogbruk og fiske";"1996";1631
"Jordbruk, skogbruk og fiske";"1997";1710
"Jordbruk, skogbruk og fiske";"1998";1692
"Jordbruk, skogbruk og fiske";"1999";1701
"Jordbruk, skogbruk og fiske";"2000";1667
"Jordbruk, skogbruk og fiske";"2001";1742
"Jordbruk, skogbruk og fiske";"2002";1715
"Jordbruk, skogbruk og fiske";"2003";1561
"Jordbruk, skogbruk og fiske";"2004";1639
"Jordbruk, skogbruk og fiske";"2005";1646
"Jordbruk, skogbruk og fiske";"2006";1604
"Jordbruk, skogbruk og fiske";"2007";1591
"Jordbruk, skogbruk og fiske";"2008";1699
"Jordbruk, skogbruk og fiske";"2009";1764
"Jordbruk, skogbruk og fiske";"2010";1903
"Jordbruk, skogbruk og fiske";"2011";1758
"Jordbruk, skogbruk og fiske";"2012";1772
"Jordbruk, skogbruk og fiske";"2013";1787
"Jordbruk, skogbruk og fiske";"2014";1715
"Jordbruk, skogbruk og fiske";"2015";1788
"Jordbruk, skogbruk og fiske";"2016";1876
"Jordbruk, skogbruk og fiske";"2017";1979
"Jordbruk, skogbruk og fiske";"2018";2095
"Jordbruk, skogbruk og fiske";"2019";2133
"Jordbruk, skogbruk og fiske";"2020";2246
"Jordbruk, skogbruk og fiske";"2021";2323
"Jordbruk, skogbruk og fiske";"2022";2180
"Jordbruk, skogbruk og fiske";"2023";2273
"Drivhus/veksthus";"1993";..
"Drivhus/veksthus";"1994";..
"Drivhus/veksthus";"1995";..
"Drivhus/veksthus";"1996";142
"Drivhus/veksthus";"1997";155
"Drivhus/veksthus";"1998";263
"Drivhus/veksthus";"1999";268
"Drivhus/veksthus";"2000";445
"Drivhus/veksthus";"2001";491
"Drivhus/veksthus";"2002";400
"Drivhus/veksthus";"2003";354
"Drivhus/veksthus";"2004";455
"Drivhus/veksthus";"2005";495
"Drivhus/veksthus";"2006";446
"Drivhus/veksthus";"2007";492
"Drivhus/veksthus";"2008";437
"Drivhus/veksthus";"2009";367
"Drivhus/veksthus";"2010";305
"Drivhus/veksthus";"2011";247
"Drivhus/veksthus";"2012";317
"Drivhus/veksthus";"2013";260
"Drivhus/veksthus";"2014";247
"Drivhus/veksthus";"2015";240
"Drivhus/veksthus";"2016";226
"Drivhus/veksthus";"2017";229
"Drivhus/veksthus";"2018";162
"Drivhus/veksthus";"2019";168
"Drivhus/veksthus";"2020";151
"Drivhus/veksthus";"2021";147
"Drivhus/veksthus";"2022";118
"Drivhus/veksthus";"2023";142
"Husholdninger";"1993";32722
"Husholdninger";"1994";33836
"Husholdninger";"1995";33999
"Husholdninger";"1996";34638
"Husholdninger";"1997";33196
"Husholdninger";"1998";34127
"Husholdninger";"1999";34037
"Husholdninger";"2000";33602
"Husholdninger";"2001";34748
"Husholdninger";"2002";33474
"Husholdninger";"2003";30840
"Husholdninger";"2004";31244
"Husholdninger";"2005";32769
"Husholdninger";"2006";32328
"Husholdninger";"2007";33542
"Husholdninger";"2008";33568
"Husholdninger";"2009";34678
"Husholdninger";"2010";37824
"Husholdninger";"2011";34234
"Husholdninger";"2012";36327
"Husholdninger";"2013";36777
"Husholdninger";"2014";34914
"Husholdninger";"2015";36572
"Husholdninger";"2016";37767
"Husholdninger";"2017";38295
"Husholdninger";"2018";38516
"Husholdninger";"2019";38324
"Husholdninger";"2020";38230
"Husholdninger";"2021";39834
"Husholdninger";"2022";35406
"Husholdninger";"2023";38091
"Hytter og fritidshus";"1993";696
"Hytter og fritidshus";"1994";758
"Hytter og fritidshus";"1995";779
"Hytter og fritidshus";"1996";862
"Hytter og fritidshus";"1997";844
"Hytter og fritidshus";"1998";921
"Hytter og fritidshus";"1999";1045
"Hytter og fritidshus";"2000";1026
"Hytter og fritidshus";"2001";1128
"Hytter og fritidshus";"2002";1173
"Hytter og fritidshus";"2003";1183
"Hytter og fritidshus";"2004";1161
"Hytter og fritidshus";"2005";1235
"Hytter og fritidshus";"2006";1317
"Hytter og fritidshus";"2007";1407
"Hytter og fritidshus";"2008";1522
"Hytter og fritidshus";"2009";1635
"Hytter og fritidshus";"2010";1931
"Hytter og fritidshus";"2011";1818
"Hytter og fritidshus";"2012";1929
"Hytter og fritidshus";"2013";2141
"Hytter og fritidshus";"2014";2006
"Hytter og fritidshus";"2015";2118
"Hytter og fritidshus";"2016";2278
"Hytter og fritidshus";"2017";2350
"Hytter og fritidshus";"2018";2417
"Hytter og fritidshus";"2019";2384
"Hytter og fritidshus";"2020";2467
"Hytter og fritidshus";"2021";2819
"Hytter og fritidshus";"2022";2318
"Hytter og fritidshus";"2023";2427
